{
  "display": {
    "icon": {
      "item": "minecraft:purple_bed"
    },
    "title": {
      "translate": "Sweet Dreams!"
    },
    "description": {
      "translate": "Someone went to sleep!"
    },
    "frame": "task",
    "show_toast": true,
    "announce_to_chat": false,
    "hidden": false,
    "background": "minecraft:textures/block/red_wool.png"
  },
  "criteria": {
    "sweet_dreams": {
      "trigger": "minecraft:impossible"
    }
  },
  "requirements": [
    [
      "sweet_dreams"
    ]
  ]
}